{"train/loss_step": 0.0038872957229614258, "epoch": 49, "trainer/global_step": 649, "_runtime": 11247, "_timestamp": 1637081147, "_step": 114, "train/score": -12.682652473449707, "train/loss_epoch": 0.0003954040876124054, "_wandb": {"runtime": 11280}}