{"train/loss_step": 0.006651577539741993, "epoch": 0, "trainer/global_step": 12, "_runtime": 760, "_timestamp": 1636948194, "_step": 3, "train/score": -100.21383666992188, "train/loss_epoch": 0.00014778874174226075, "_wandb": {"runtime": 457}}