{"train/loss_step": -0.012834429740905762, "epoch": 14, "trainer/global_step": 194, "_runtime": 3516, "_timestamp": 1637084983, "_step": 33, "train/score": -25.11774444580078, "train/loss_epoch": 0.0012297416105866432}