{"train/loss_step": 0.018390923738479614, "epoch": 0, "trainer/global_step": 12, "_runtime": 297, "_timestamp": 1637034309, "_step": 1, "train/score": -18.099992752075195, "train/loss_epoch": 0.005055908113718033, "_wandb": {"runtime": 349}}