{"train/loss_step": -0.02721846103668213, "epoch": 49, "trainer/global_step": 649, "_runtime": 14475, "_timestamp": 1637101522, "_step": 114, "train/score": -20.286405563354492, "train/loss_epoch": 0.0020219229627400637, "_wandb": {"runtime": 14528}}